DC Candidate ID,Name,Company Name,Company Number,Company Status,Role,Role Status,Role Appointed Date,Role Resigned Date
45,Daniel Stephen ZEICHNER,PETTITTS LTD,05574504,Active,Director,Active,5 April 2006,
45,Daniel Stephen ZEICHNER,THE SOCIALIST ENVIRONMENT AND RESOURCES ASSOCIATION,03775489,Active,Director,Resigned,1 August 2003,19 June 2010
90,Phil SIMPSON,MOOR POOL HERITAGE TRUST,07731184,Active,Director,Active,1 February 2018,
92,Frank FIELD,UNITED LEARNING TRUST,04439859,Active,Director,Resigned,8 October 2003,7 October 2005
93,Stuart KELLY,RK ELECTRICS LIMITED,08567253,Dissolved,Director,,27 May 2015,
96,Roger Kingdon HARMER,ACOCKS GREEN PRIMARY SCHOOL,08424090,Active,Director,Active,28 February 2013,
96,Roger Kingdon HARMER,SUSTAINING SUCCESS LIMITED,07546756,Active,Director,Active,14 March 2011,
96,Roger Kingdon HARMER,ACIVICO (BUILDING CONSULTANCY) LIMITED,07918763,Active,Director,Resigned,1 May 2012,19 May 2012
96,Roger Kingdon HARMER,ACIVICO LIMITED,07792304,Active,Director,Resigned,6 January 2012,19 May 2012
96,Roger Kingdon HARMER,STOCKFIELD COMMUNITY ASSOCIATION,02588109,Active,Director,Resigned,29 July 2011,4 May 2012
96,Roger Kingdon HARMER,STOCKFIELD COMMUNITY ASSOCIATION (SUBSIDIARY) LIMITED,02624455,Active,Director,Resigned,29 July 2011,4 May 2012
108,Joanne Kate SWINSON,THE WESTMINSTER FOUNDATION FOR DEMOCRACY LIMITED,02693163,Active,Director,Resigned,14 January 2009,24 June 2010
143,Rushanara ALI,ONE MILLION MENTORS COMMUNITY INTEREST COMPANY,09814018,Active,Director,Active,7 October 2015,
143,Rushanara ALI,THE WESTMINSTER FOUNDATION FOR DEMOCRACY LIMITED,02693163,Active,Director,Active,30 January 2013,
143,Rushanara ALI,UPRISING LEADERSHIP,08252639,Active,Director,Active,15 October 2012,
143,Rushanara ALI,FUTUREVERSITY LTD.,02017713,Active,Director,Resigned,23 September 2002,8 November 2011
143,Rushanara ALI,PAUL HAMLYN FOUNDATION,05042279,Active,Director,Resigned,25 May 2004,30 June 2009
178,Paul Christopher BLOMFIELD,FOCUS ON LABOUR EXPLOITATION,08451701,Active,Director,Active,26 March 2014,
216,Shabana MAHMOOD,ALHUDA HEALTHCARE LTD,08287782,Active,Director,Active,1 June 2017,
216,Shabana MAHMOOD,HUR PHARMA LIMITED,05513496,Dissolved,Director,,1 May 2009,
216,Shabana MAHMOOD,HUR PHARMA LIMITED,05513496,Dissolved,Secretary,,1 May 2009,
227,Bob BLACKMAN,COMMONWEALTH PARLIAMENTARY ASSOCIATION (UNITED KINGDOM BRANCH),04606846,Active,Director,Active,4 July 2018,
427,Keith Anthony VAZ,COMMONWEALTH PARLIAMENTARY ASSOCIATION (UNITED KINGDOM BRANCH),04606846,Active,Director,Active,12 July 2017,
427,Keith Anthony VAZ,THE CRIME CONCERN TRUST LIMITED,02259016,Active,Director,Resigned,6 November 1991,17 September 1993
427,Keith Anthony VAZ,SKILLSHARE INTERNATIONAL,02447107,Dissolved,Director,Resigned,28 November 1991,13 July 1992
432,Simon William Robert CLEMENT-JONES,C.D.E. SYSTEMS LTD,03863754,Active,Director,Active,29 October 1999,
439,Jonathan Christopher St.Aubyn ESSEX,FURNISTORE IN EAST SURREY LIMITED,05960870,Active,Director,Active,10 November 2010,
439,Jonathan Christopher St.Aubyn ESSEX,VOLUNTARY ACTION REIGATE & BANSTEAD LTD,07217319,Active,Director,Active,1 September 2010,
439,Jonathan Christopher St.Aubyn ESSEX,BIOREGIONAL REIY LTD,06735818,Dissolved,Director,Resigned,28 October 2008,23 July 2010
439,Jonathan Christopher St.Aubyn ESSEX,BIOREGIONAL REIY LTD,06735818,Dissolved,Secretary,Resigned,28 October 2008,23 July 2010
571,Caroline LUCAS,GOODMONEY CIC,09108813,Active,Director,Resigned,30 June 2014,1 May 2019
571,Caroline LUCAS,OPEN BRITAIN LIMITED,09641190,Active,Director,Resigned,12 October 2015,14 September 2016
582,Toby PERKINS,FAMILIES FIRST CHILDCARE CO-OPERATIVE,05913059,Active,Director,Resigned,23 August 2007,1 August 2010
688,Mark Richard TAMI,26 CAMBRIDGE ROAD LTD,04698190,Active,Director,Resigned,2 May 2003,11 September 2008
688,Mark Richard TAMI,26 CAMBRIDGE ROAD LTD,04698190,Active,Secretary,Resigned,2 May 2003,11 September 2008
784,Andrew Richard ROSINDELL,CANADA-UNITED KINGDOM COUNCIL,02681599,Active,Director,Active,11 January 2011,
784,Andrew Richard ROSINDELL,CO-GAS SAFETY THE CARBON MONOXIDE AND GAS SAFETY SOCIETY,03084435,Active,Director,Active,7 December 2010,
784,Andrew Richard ROSINDELL,COMMONWEALTH PARLIAMENTARY ASSOCIATION (UNITED KINGDOM BRANCH),04606846,Active,Director,Active,7 July 2010,
784,Andrew Richard ROSINDELL,THE WESTMINSTER FOUNDATION FOR DEMOCRACY LIMITED,02693163,Active,Director,Resigned,18 August 2010,17 August 2019
784,Andrew Richard ROSINDELL,THE EUROPEAN FOUNDATION,02745888,Active,Director,Resigned,28 October 1998,10 September 1999
1037,Anneliese DODDS,ROSE HILL AND DONNINGTON ADVICE CENTRE LIMITED,06428264,Active,Director,Resigned,7 December 2011,26 September 2014
1046,Stewart HOSIE,4 SUMATRA ROAD LIMITED,05822493,Active,Director,Resigned,19 May 2006,29 September 2011
1059,Sally Curtis KEEBLE,EMMANUEL COFFEE SHOP LIMITED,05866608,Active,Director,Active,5 September 2016,
1061,Oliver MCMULLAN,CAUSEWAY COAST AND GLENS HERITAGE TRUST LIMITED,NI043293,Active,Director,Active,24 September 2019,
1061,Oliver MCMULLAN,C&F TRACTOR AND PLANT SALES LTD,NI660309,Active,Director,Active,3 April 2019,
1061,Oliver MCMULLAN,MCMULLAN'S CENTRAL BAR LTD,NI657901,Active,Director,Active,19 December 2018,
1116,Ian MURRAY,LABOUR CAMPAIGN FOR THE SINGLE MARKET LIMITED,10929919,Active,Director,Active,23 May 2018,
1116,Ian MURRAY,SCOTTISH LABOUR FOR THE SINGLE MARKET LIMITED,SC589636,Active,Director,Active,22 February 2018,
1116,Ian MURRAY,COMMONWEALTH PARLIAMENTARY ASSOCIATION (UNITED KINGDOM BRANCH),04606846,Active,Director,Active,12 July 2017,
1116,Ian MURRAY,THE ROYAL OBSERVATORY (EDINBURGH) TRUST,SC069720,Active,Director,Active,24 September 2012,
1116,Ian MURRAY,100MPH EVENTS LIMITED,SC224191,Active,Director,Active,22 October 2001,
1116,Ian MURRAY,FOUNDATION OF HEARTS LIMITED,SC387126,Active,Director,Resigned,6 May 2013,30 June 2015
1116,Ian MURRAY,HEART OF MIDLOTHIAN PLC,SC005863,Active,Director,Resigned,9 May 2014,30 June 2015
1116,Ian MURRAY,THE SOUTH EDINBURGH PARTNERSHIP LIMITED,SC179905,Dissolved,Director,Resigned,10 June 2003,10 July 2010
1116,Ian MURRAY,C.E.C. HOLDINGS LIMITED,SC135444,Active,Director,Resigned,20 December 2008,8 June 2010
1116,Ian MURRAY,THE EDINBURGH AND LOTHIANS GREENSPACE TRUST,SC132480,Active,Director,Resigned,18 June 2003,20 June 2007
1120,Jeremy CORBYN,HANLEY CROUCH COMMUNITY ASSOCIATION LIMITED,01771608,Active,Director,Active,30 September 2006,
1272,Vernon Rodney COAKER,HUMAN TRAFFICKING FOUNDATION,07121887,Active,Director,Active,17 July 2017,
1299,Rachel Jane REEVES,HEALTHY LIVING NETWORK - LEEDS,04359448,Dissolved,Director,Resigned,6 September 2009,10 December 2011
1299,Rachel Jane REEVES,BARCA - LEEDS,02949419,Active,Director,Resigned,15 May 2008,16 May 2010
1331,Alistair CARMICHAEL,THE COUNCIL FOR THE ADVANCEMENT OF ARAB-BRITISH UNDERSTANDING,05047247,Active,Director,Active,8 July 2017,
1474,Dawn BUTLER,BRENT CITIZENS ADVICE BUREAUX,03091835,Active,Director,Resigned,25 November 2010,28 July 2014
1613,Will James QUINCE,LIFE REG LIMITED,08142373,Dissolved,Director,,13 July 2012,
1640,Andrew James BRIDGEN,A.B. PRODUCE PLC,02240234,Active,Director,Resigned,3 October 1992,29 August 2014
1640,Andrew James BRIDGEN,BRIDGEN INVESTMENTS LIMITED,06016467,Active,Director,Resigned,1 December 2006,7 May 2010
1640,Andrew James BRIDGEN,A.B. PRODUCE TRADING LIMITED,06018033,Active,Director,Resigned,4 December 2006,7 May 2010
1692,Penny Mary MORDAUNT,WYMERING MANOR TRUST,08349936,Active,Director,Active,7 January 2013,
1878,Ashley GUNSTOCK,THE BARNET GREEN CO-OP LIMITED,03076493,Active,Director,Active,6 July 1995,
1881,Alexander David FEAKES,SEE3 LIMITED,08252379,Active,Director,Active,15 October 2012,
1881,Alexander David FEAKES,VOLUNTARY SERVICE ASSOCIATION LTD,01131214,Active,Director,Active,1 July 2007,
1881,Alexander David FEAKES,WAVEFORM LTD,05124219,Active,Director,Active,10 May 2004,
1881,Alexander David FEAKES,WAVEFORM LTD,05124219,Active,Secretary,Active,10 May 2004,
1881,Alexander David FEAKES,"THOS.AGNEW & SONS,LIMITED",00267436,Active,Director,Resigned,26 June 2008,31 May 2010
1881,Alexander David FEAKES,THOS. AGNEW AND SONS (HOLDINGS) LIMITED,06316268,Active,Director,Resigned,22 July 2008,31 May 2010
1881,Alexander David FEAKES,THOS. AGNEW AND SONS (HOLDINGS) LIMITED,06316268,Active,Secretary,Resigned,12 April 2008,31 May 2010
1881,Alexander David FEAKES,"THOS.AGNEW & SONS,LIMITED",00267436,Active,Secretary,Resigned,12 April 2008,31 May 2010
1886,Karl Ian MCCARTNEY,LINK EDUCATION TRUST,07842369,Dissolved,Director,Resigned,26 November 2012,21 October 2014
1952,Patrick John GRADY,THE WESTMINSTER FOUNDATION FOR DEMOCRACY LIMITED,02693163,Active,Director,Active,24 March 2018,
1952,Patrick John GRADY,SCOTLAND'S INTERNATIONAL DEVELOPMENT ALLIANCE,SC307352,Active,Director,Resigned,20 September 2012,8 May 2015
1952,Patrick John GRADY,COMMONWEALTH PARLIAMENTARY ASSOCIATION (UNITED KINGDOM BRANCH),04606846,Active,Director,Resigned,14 July 2015,12 July 2017
2241,Lisa NANDY,CENTRE FOR TOWNS C.I.C.,11358819,Active,Director,Active,12 May 2018,
2241,Lisa Eva NANDY,LABOUR TOGETHER LIMITED,09630980,Active,Director,Active,31 March 2016,
2419,Peter WISHART,COMMONWEALTH PARLIAMENTARY ASSOCIATION (UNITED KINGDOM BRANCH),04606846,Active,Director,Resigned,9 July 2013,14 July 2015
2419,Peter WISHART,THE WESTMINSTER FOUNDATION FOR DEMOCRACY LIMITED,02693163,Active,Director,Resigned,3 October 2011,31 May 2015
2491,Heather Mary KIDD,BISHOP'S CASTLE AND DISTRICT LIFELINE COMPANY LIMITED,03054609,Active,Director,Active,12 May 2010,
2491,Heather Mary KIDD,SOUTH SHROPSHIRE YOUTH FORUM,03476766,Active,Director,Resigned,1 October 1998,13 October 2013
2491,Heather Mary KIDD,BIOCYCLE SOUTH SHROPSHIRE LIMITED,05492290,Dissolved,Director,Resigned,27 June 2005,29 May 2007
2491,Heather Mary KIDD,SOUTH SHROPSHIRE LOCAL HOMES LIMITED,05318320,Dissolved,Director,Resigned,21 December 2004,29 May 2007
2519,Emily THORNBERRY,CLIFTON HOUSE (GUILDFORD) LIMITED,05067899,Active,Director,Resigned,9 April 2008,1 April 2010
2601,Christopher Ashley BRAMALL,SUMMIT HOUSE SUPPORT,05494923,Active,Director,Resigned,5 July 2010,8 March 2012
2866,Angela Christine SMITH,INDUSTRY AND PARLIAMENT TRUST,01308583,Active,Director,Active,12 September 2017,
2875,Andrea Jacqueline LEADSOM,NORTHAMPTONSHIRE PARENT INFANT PARTNERSHIP,07630150,Active,Director,Resigned,11 May 2011,30 April 2014
2875,Andrea Jacqueline LEADSOM,BANDAL LIMITED,04871500,Active,Director,Resigned,19 August 2003,1 February 2014
2875,Andrea Jacqueline LEADSOM,OXFORD PARENT-INFANT PROJECT,05410167,Active,Director,Resigned,1 April 2005,25 February 2013
2878,Greg KNIGHT,POCKLINGTON SCHOOL TRUSTEE LIMITED,06560143,Active,Director,Active,9 April 2008,
2906,Helen GOODMAN,THE AUCKLAND PROJECT,07931440,Active,Director,Resigned,10 April 2012,5 August 2015
2918,Chuka Harrison UMUNNA,VOTELEAVEWATCH LTD,10651966,Active,Director,Active,4 March 2017,
2918,Chuka Harrison UMUNNA,STREATHAM CAMPAIGNS LTD,10651988,Active,Director,Active,4 March 2017,
3013,Angus John MACNEIL,AJM RIGGERS LTD,SC452903,Active,Director,Active,21 June 2013,
3013,Angus Brendan MACNEIL,TAIGH CHEARSABHAGH TRUST,SC147689,Active,Director,Resigned,23 June 2005,24 August 2010
3048,Siobhain MCDONAGH,MITCHAM GARDEN VILLAGE,00246884,Active,Director,Active,11 May 1999,
3048,Siobhain MCDONAGH,MERTON ENTERPRISE AGENCY LIMITED,01766231,Dissolved,Director,Resigned,6 March 1998,1 September 2002
3048,Siobhain Ann MCDONAGH,MERTON ASSOCIATION FOR MENTAL HEALTH,03245540,Dissolved,Director,Resigned,4 September 1996,25 November 1998
3048,Siobhain Ann MCDONAGH,MITCHAM GARDEN VILLAGE,00246884,Active,Director,Resigned,25 January 1994,23 May 1996
3057,Ian LAVERY,HIRST WELFARE LIMITED,07611638,Dissolved,Director,,21 April 2011,
3057,Ian LAVERY,WOODHORN CHARITABLE TRUST,06893854,Active,Director,Active,1 May 2009,
3057,Ian LAVERY,ASHINGTON COMMUNITY FOOTBALL CLUB LIMITED,06625882,Active,Director,Resigned,20 June 2008,12 June 2012
3057,Ian LAVERY,INDUSTRY-WIDE MINEWORKERS' PENSION SCHEME TRUSTEES LIMITED,03004573,Active,Director,Resigned,12 October 1995,28 June 2002
3120,Brendan D'CRUZ,DBT ENTERPRISES LTD,03978602,Active,Director,Active,10 May 2001,
3120,Brendan D'CRUZ,DBT ENTERPRISES LTD,03978602,Active,Secretary,Active,10 May 2001,
3120,Brendan Thomas D'CRUZ,TRINITY CHILDCARE AND FAMILY CENTRE LTD.,07917857,Active,Director,Active,11 February 2015,
3475,Claire HANNA,CENTRE FOR GLOBAL EDUCATION,NI025290,Active,Secretary,Resigned,17 February 2010,2 March 2011
3486,Damian Howard GREEN,OPEN BRITAIN LIMITED,09641190,Active,Director,Resigned,23 November 2015,14 September 2016
3486,Damian Howard GREEN,SOUTH EAST WATER LIMITED,02679874,Active,Director,Resigned,18 December 2007,26 May 2010
3490,Rowan Nicholas Charles LANGLEY,44 FAIRVIEW CRESCENT (HARROW) LIMITED,07192358,Active,Director,Active,17 March 2010,
3552,Jimmy FERGUSON,NORTH (SCOTLAND) INDUSTRIES LIMITED,SC225938,Dissolved,Director,Resigned,26 November 2009,24 November 2011
3663,Nicholas DAKIN,"THE ST LAWRENCE ACADEMY, SCUNTHORPE",06493485,Active,Director,Resigned,16 June 2008,16 June 2012
3663,Nicholas DAKIN,THE SIXTH FORM COLLEGES' ASSOCIATION LIMITED,02736405,Active,Director,Resigned,28 September 2007,31 August 2010
3720,Wera Benedicta Caecilie HOBHOUSE,PALLADIAN ACADEMY TRUST,08061092,Active,Director,Active,29 August 2018,
3737,Matthew HANCOCK,POLICY RESEARCH UNIT LIMITED,07960177,Active,Director,Resigned,25 July 2012,5 September 2012
3752,John Fitzgerald O'DOWD,BROWNLOW LIMITED,NI023271,Active,Director,Resigned,24 October 2006,7 July 2010
3752,John Fitzgerald O'DOWD,LURGAN FORWARD,NI028222,Active,Director,Resigned,26 November 2004,19 November 2009
3802,Andrew John GWYNNE,DENTON WEST END PRIMARY SCHOOL,07929335,Active,Director,Active,24 July 2013,
3904,Ivan LEWIS,IL ASSOCIATES LIMITED,12134041,Active,Director,Active,1 August 2019,
3904,Ivan LEWIS,HOLOCAUST EDUCATIONAL TRUST,04207020,Active,Director,Resigned,27 April 2001,25 June 2012
3979,Ruth Lauren SMEETH,HOPE NOT HATE LIMITED,08188502,Active,Director,Active,15 May 2015,
4173,Craig WILLIAMS,CRAIG A WILLIAMS HAULAGE LTD,11834119,Active,Director,Active,19 February 2019,
4188,Caroline Julie Porte ANSELL,3VA,04637252,Active,Director,Resigned,1 December 2011,11 August 2015
4217,Ranil Malcolm JAYAWARDENA,RINGSHALL (NO. 2) LIMITED,11768587,Active,Director,Active,15 January 2019,
4217,Ranil Malcolm JAYAWARDENA,OWL AND BEAR EDUCATION,11624951,Active,Director,Active,16 October 2018,
4217,Ranil Malcolm JAYAWARDENA,PEPTCELL LIMITED,04983543,Active,Director,Active,22 September 2017,
4217,Ranil Malcolm JAYAWARDENA,RINGSHALL LIMITED,07937372,Active,Director,Active,6 February 2012,
4264,Neil Alan John COYLE,NATIONAL CENTRE FOR INDEPENDENT LIVING (NCIL),04701388,Dissolved,Director,Resigned,5 December 2006,1 October 2007
4319,Paula SHERRIFF,THE COUNCIL FOR THE ADVANCEMENT OF ARAB-BRITISH UNDERSTANDING,05047247,Active,Director,Active,8 July 2017,
4331,Bambos CHARALAMBOUS,DE PUEBLA LIMITED,05734203,Active,Director,Active,8 March 2006,
4343,Matthew PENNYCOOK,THE TWINKLE PARK TRUST,03817872,Active,Director,Resigned,19 February 2011,22 February 2012
4370,Alex David SOBEL,GREEN LEEDS LIMITED,03438238,Active,Director,Resigned,1 October 2015,8 August 2017
4370,Alexander David SOBEL,TRANSFORM EUROPE (CAMPAIGN) LTD,12079191,Active,Director,Active,2 July 2019,
4476,Leon Maurice DUVEEN,RAYTON CONSULTANCY LTD,09195638,Active,Director,Active,30 August 2014,
4476,Leon Maurice DUVEEN,FRIENDS OF THE CITY OF SHEFFIELD YOUTH ORCHESTRA LIMITED(THE),01689619,Active,Director,Resigned,19 November 2009,19 January 2011
4476,Leon Maurice DUVEEN,RAYTON CONSULTANCY LTD,09195638,Active,Director,Resigned,30 August 2014,30 August 2014
4482,Francis OPPLER,ARUN ARTS COMPANY LIMITED,03239942,Active,Director,Resigned,30 August 2002,29 May 2004
4482,Francis Richard James OPPLER,OFFICETEC (BOGNOR REGIS) LIMITED,07875204,Active,Director,Active,8 December 2011,
4522,Gerald VERNON-JACKSON,PORTSMOUTH NAVAL BASE PROPERTY TRUST,01959490,Active,Director,Resigned,10 June 2005,27 June 2006
4603,Paul John MASKEY,FAILTE FEIRSTE THIAR LTD,NI064806,Active,Director,Active,1 April 2008,
4603,Paul John MASKEY,BELFAST VISITOR AND CONVENTION BUREAU LIMITED,NI034953,Active,Director,Resigned,23 June 2005,23 June 2009
4603,Paul John MASKEY,UPPER ANDERSONSTOWN COMMUNITY FORUM LTD,NI032258,Active,Director,Resigned,15 April 1997,6 March 2002
4611,Jonathan Cecil INGLEBY,EVANGELICAL MISSION ASSOCIATION,03886596,Active,Director,Resigned,15 February 2002,31 December 2005
4615,Esther Mary SUTTON,45RPM CROYDON LTD,11384862,Active,Director,Active,26 May 2018,
4615,Esther Mary SUTTON,MADE IN CROYDON CIC,10429407,Active,Director,Active,14 October 2016,
4615,Esther Mary SUTTON,CROYDON BUSINESS CRIME REDUCTION PARTNERSHIP LIMITED,06900449,Active,Director,Active,31 December 2013,
4615,Esther Mary SUTTON,CROYDON PRIDE LTD,10555864,Active,Director,Resigned,1 April 2017,21 November 2018
4653,Marion Eileen TURNER-HAWES,NORTHAMPTONSHIRE COMMUNITY HOUSING NETWORK,08045669,Dissolved,Director,,25 April 2012,
4872,Daniel Charles GOLDSMITH,FITZROY SERVICES LTD,10194938,Active,Director,Active,23 May 2016,
4926,Mark Ian JENKINSON,JOLIEVUE LTD,12131090,Active,Director,Active,31 July 2019,
4926,Mark Ian JENKINSON,ENERGY COAST WEST CUMBRIA LIMITED,02234442,Active,Director,Active,28 June 2019,
4926,Mark Ian JENKINSON,ENERGY COAST WEST CUMBRIA (PROPERTIES) LIMITED,02414283,Active,Director,Active,28 June 2019,
4926,Mark Ian JENKINSON,ENERGY COAST WEST CUMBRIA (WORKSPACE) LIMITED,02259526,Active,Director,Active,28 June 2019,
4926,Mark Ian JENKINSON,A.I.P. (ASHFIELD ROAD AND ELLERBECK LANE) LIMITED,09060077,Active,Director,Active,31 May 2019,
4926,Mark Ian JENKINSON,A.I.P. (CHURCH STREET) LIMITED,09174499,Active,Director,Active,31 May 2019,
4926,Mark Ian JENKINSON,A.I.P. (DERWENT RIVERSIDE) LIMITED,09174440,Active,Director,Active,31 May 2019,
4926,Mark Ian JENKINSON,JOLIEVUE HOLDINGS LTD,10791041,Active,Director,Active,26 May 2017,
4991,Ian PRIESTNER,COMMUNICATIONS COUNSEL LIMITED,05899586,Dissolved,Director,,8 August 2006,
4991,Ian PRIESTNER,ASCRIBE HOLDINGS LIMITED,05204003,Active,Director,Resigned,16 July 2007,20 January 2009
5077,Keir STARMER,THE DEATH PENALTY PROJECT LIMITED,05579286,Active,Director,Active,11 November 2005,
5112,Celia Ruth HICKSON,BRADFORD AMATEUR ROWING CLUB (TRADING) LIMITED,09784699,Active,Director,Active,18 September 2015,
5112,Celia Ruth HICKSON,HIRST WEIR LIMITED,04827629,Active,Director,Active,10 September 2015,
5112,Celia Ruth HICKSON,BRADFORD AMATEUR ROWING CLUB,09662095,Active,Director,Active,29 June 2015,
5201,Allen COWLES,CC TECHNOLOGY (UK) LTD,05406462,Dissolved,Secretary,,29 March 2005,
5201,Allen COWLES,CC TECHNOLOGY (UK) LTD,05406462,Dissolved,Director,,29 March 2005,
5544,Mike KANE,MANCHESTER INTERNATIONAL FESTIVAL,05292793,Active,Director,Resigned,20 September 2007,30 April 2008
5546,Stephen John DOUGHTY,LABOUR CAMPAIGN FOR THE SINGLE MARKET LIMITED,10929919,Active,Director,Active,23 May 2018,
5599,Shirley PARKINSON,COMMUNITY UNITY C.I.C.,10542037,Active,Director,Active,29 December 2016,
5693,Dawn FURNESS,FUNERAL SINGER PRODUCTIONS LTD.,08682833,Dissolved,Director,,9 September 2013,
5693,Dawn FURNESS,ALL KINDS OF EVIL PRODUCTIONS LTD.,08498071,Dissolved,Director,,22 April 2013,
5693,Dawn FURNESS,RISING TIDE PRODUCTIONS LTD,06877785,Dissolved,Director,,15 April 2009,
5767,Jonathan Paul KENT,ASE CORPORATE EYECARE LIMITED,03425183,Active,Director,Resigned,28 October 1997,1 November 2018
5799,Ade ADEYEMO,TEMPAS LIMITED,11655989,Active,Director,Active,2 November 2018,
5920,Richard Lambert Thomas ARKLESS,ARKLESS LIMITED,SC627520,Active,Director,Active,12 April 2019,
5920,"Richard Lambert, Thomas ARKLESS",LED WAREHOUSE LTD,SC451237,Dissolved,Director,Resigned,31 May 2013,15 October 2015
6020,Chris LAW,COMMONWEALTH PARLIAMENTARY ASSOCIATION (UNITED KINGDOM BRANCH),04606846,Active,Director,Active,4 July 2018,
6029,Alison WILLOTT,GWENT ECOLOGY LTD,05304039,Active,Director,Active,4 December 2017,
6029,Alison WILLOTT,THE WILDLIFE TRUSTS WALES LTD,03032775,Active,Director,Active,16 November 2017,
6029,Alison WILLOTT,GWENT WILDLIFE TRUST LTD,00812535,Active,Director,Active,31 October 2013,
6042,Kirsty BLACKMAN,ABERDEEN EXHIBITION AND CONFERENCE CENTRE LIMITED,01858349,Dissolved,Director,Resigned,12 September 2008,22 March 2013
6042,Kirsty Ann BLACKMAN,NEW CITY AGENDA LIMITED,08076833,Active,Director,Active,20 November 2017,
6044,Brendan O'HARA,OH! TELEVISION LIMITED,SC354417,Dissolved,Director,,3 February 2009,
6045,Calum Robert KERR,THE BORDERS CITIZENS ADVICE CONSORTIUM,SC420486,Active,Director,Active,28 January 2019,
6045,Calum Robert KERR,SOCIAL ENTERPRISE DIRECT,SC415583,Active,Director,Active,1 April 2015,
6045,Calum Robert KERR,ADVICE DIRECT SCOTLAND LIMITED,SC225689,Active,Director,Resigned,14 December 2011,1 October 2017
6047,Lisa CAMERON,INDUSTRY AND PARLIAMENT TRUST,01308583,Active,Director,Active,12 September 2017,
6047,Lisa CAMERON,UNITED KINGDOM - JAPAN 21ST CENTURY GROUP,02042768,Active,Director,Active,24 February 2016,
6050,Douglas George CHAPMAN,HOMARNA ECOSTORE LIMITED,SC254848,Active,Director,Resigned,1 May 2004,18 January 2017
6056,Martin DOCHERTY,CLYDEBANK MUNICIPAL BANK LIMITED,SC011770,Active,Director,Resigned,28 May 1992,31 March 1996
6063,Hannah BARDELL,BOWMANBARDELL COMMUNICATIONS LTD,SC427662,Dissolved,Director,,5 July 2012,
6268,Paul BROTHWOOD,PSB PROJECTS LIMITED,08803598,Dissolved,Director,,5 December 2013,
6276,Paul LORBER,FRIENDS OF BARHAM LIBRARY,07597621,Active,Director,Active,8 April 2011,
6276,Paul LORBER,WEMBLEY LEISURE LIMITED,01173914,Dissolved,Director,,30 August 2005,
6288,Martin Nicholas BRAMPTON,ALIRO SOFTWARE LIMITED,06183913,Active,Secretary,Active,1 April 2009,
6288,Martin Nicholas BRAMPTON,ALIRO SOFTWARE LIMITED,06183913,Active,Director,Active,26 March 2007,
6288,Martin Nicholas BRAMPTON,REMOSITORY SOFTWARE LIMITED,04228186,Active,Director,Active,4 June 2001,
6288,Martin Nicholas BRAMPTON,RYEDALE CITIZENS ADVICE BUREAU,06748372,Dissolved,Director,Resigned,7 February 2012,27 June 2014
6288,Martin Nicholas BRAMPTON,BRIGHTER BUNNING WAY LIMITED,02345958,Active,Secretary,Resigned,7 October 1999,11 December 2003
6288,Martin Nicholas BRAMPTON,BRIGHTER BUNNING WAY LIMITED,02345958,Active,Director,Resigned,8 September 1998,11 December 2003
6288,Martin Nicholas BRAMPTON,BRIGHTER BUNNING WAY LIMITED,02345958,Active,Director,Resigned,20 September 1991,22 November 1993
6288,Martin Nicholas BRAMPTON,BRIGHTER BUNNING WAY LIMITED,02345958,Active,Secretary,Resigned,20 September 1991,22 November 1993
6373,Laura Mary GORDON,HATCH CONNECT UK LIMITED,11611804,Active,Director,Active,12 June 2019,
6819,Ian Carmichael BRADWELL,THE BRAUNSTONE FOUNDATION,04029394,Active,Director,Resigned,12 March 2004,7 June 2006
6863,Daniel OXLEY,CHRISTIAN SCHOOLS LIMITED,00810183,Active,Director,Active,30 November 1991,
6863,Daniel OXLEY,CHRISTIAN SCHOOLS (SCOTLAND) LIMITED,SC107480,Active,Director,Resigned,2 April 1991,5 October 1993
6881,Adam HEATHERINGTON,WEBSTER TRIANGLE COMMUNITY INTEREST COMPANY,11575456,Active,Director,Active,18 September 2018,
6881,Adam Giles HEATHERINGTON,WEBORBIT LIMITED,07141341,Active,Director,Active,31 January 2010,
7642,Johann Macdougall LAMONT,GREATER POLLOK PROPERTIES LIMITED,SC220274,Active,Director,Resigned,9 October 2001,12 October 2004
7642,Johann Macdougall LAMONT,THE WISE GROUP,SC091095,Active,Director,Resigned,13 June 2003,12 October 2004
8002,Joanne LABAN,THE NIGHTINGALE CANCER SUPPORT CENTRE,04515844,Active,Director,Active,28 January 2019,
9573,Richard Thomas James TROTMAN,TROTMAN CONSULTING LIMITED,06016826,Active,Director,Active,4 December 2006,
9774,Carla Suzanne DENYER,17 BURLINGTON ROAD REDLAND MANAGEMENT LIMITED,01542215,Active,Director,Active,28 April 2018,
9904,Patrick Hugo Anthony COX,KING EDWARD VI CAMP HILL SCHOOL FOR GIRLS,07656265,Dissolved,Director,Resigned,14 May 2012,6 December 2018
13061,Martin James MCCLUSKEY,THE GREENOCK ARTS GUILD LIMITED,SC024805,Active,Director,Active,12 September 2018,
13115,Laura MITCHELL,ARNDALE ELECTRICAL SERVICES LIMITED,SC602991,Active,Director,Active,19 July 2018,
13989,Steven Graham Patrick GALTON,BASE LTD,05505693,Active,Director,Active,28 June 2006,
14448,Katherine Jane BARBOUR,KATHERINE BARBOUR ASSOCIATES LTD,06956964,Active,Director,Active,9 July 2009,
14740,Peter Donald James CHOWNEY,LOVE HASTINGS LIMITED,10573685,Active,Director,Active,7 February 2017,
14740,Peter Donald James CHOWNEY,HASTINGS AND BEXHILL RENAISSANCE LIMITED,05121502,Active,Director,Active,17 May 2010,
14740,Peter Donald James CHOWNEY,EAST SUSSEX ENERGY INFRASTRUCTURE AND DEVELOPMENT LIMITED,07632595,Active,Director,Resigned,3 October 2011,6 July 2015
15076,Shazu MIAH,WYRE FOREST (HOLDINGS) LIMITED,11451232,Active,Director,Active,30 September 2019,
15076,Shazu MIAH,REWYRE DEVELOPMENTS LIMITED,11584919,Active,Director,Active,30 September 2019,
15479,Martin GOSS,COLCHESTER COMMERCIAL (HOLDINGS) LIMITED,10798878,Active,Director,Active,28 September 2017,
16370,John KENT,HIGH HOUSE PRODUCTION PARK LIMITED,06683419,Active,Director,Resigned,2 October 2012,22 November 2018
17443,Charles William SHAW,VOLUNTARY SECTOR NORTH WEST,03988903,Active,Director,Resigned,14 March 2008,5 December 2016
17443,Charles William SHAW,THE CENTRE FOR RECONCILIATION,11998069,Active,Director,Active,15 May 2019,
17443,Charles William SHAW,ONE EAST MIDLANDS,04342574,Active,Director,Active,29 June 2016,
17443,Charles William SHAW,DERKER ANNEXE CENTRE(THE),01706722,Dissolved,Director,,22 January 2013,
17443,Charles William SHAW,THE FACULTY OF TEACHERS IN COMMERCE LIMITED,06564765,Active,Director,Active,14 April 2009,
17443,Charles William SHAW,THE SOCIETY OF TEACHERS IN BUSINESS EDUCATION,06581346,Active,Director,Active,30 April 2008,
17443,Charles William SHAW,THE ASSOCIATION OF CORPORATE SECRETARIES,03887369,Active,Director,Active,4 May 2007,
17443,Charles William SHAW,FACULTY OF SECRETARIES & ADMINISTRATORS LIMITED(THE),00291977,Active,Director,Active,14 February 2002,
17443,Charles William SHAW,YOUTH DEVELOPMENT ASSOCIATION LIMITED(THE),01543379,Active,Director,Active,31 December 1991,
17443,Charles William SHAW,YOUTH DEVELOPMENT ASSOCIATION LIMITED(THE),01543379,Active,Secretary,Active,31 December 1991,
17443,Charles William SHAW,DERKER ANNEXE CENTRE(THE),01706722,Dissolved,Director,Resigned,16 January 2001,30 November 2012
17443,Charles William SHAW,LINCOLN DIOCESAN TRUST AND BOARD OF FINANCE LIMITED,00097256,Active,Director,Resigned,5 July 2005,26 June 2012
17443,Charles William SHAW,THE INSTITUTE OF ENTERTAINMENT AND ARTS MANAGEMENT,02506887,Dissolved,Director,Resigned,12 November 2008,15 November 2010
17443,Charles William SHAW,POSITIVE STEPS OLDHAM,02563094,Active,Director,Resigned,31 May 2001,20 February 2009
19806,Gordon MUNRO,SIKH SANJOG,SC197352,Active,Director,Resigned,1 April 2011,11 October 2011
19847,Jack Frederick LENOX,ENOVELLA LTD,07060553,Dissolved,Director,,29 October 2009,
19847,Jack Frederick LENOX,BOLD MEDIA LTD,07060475,Dissolved,Director,,29 October 2009,
19847,Jack Frederick LENOX,DAYKEEPER LTD,07477008,Dissolved,Director,Resigned,22 December 2010,6 October 2015
20009,Sam COLLINS,SS COLLINS LIMITED,06521255,Active,Director,Active,3 March 2008,
20009,Sam COLLINS,E-TRACKS ONLINE LTD,06757285,Dissolved,Director,Resigned,25 November 2008,20 July 2018
20469,Robert James O'RIORDAN,BAILLIE GIFFORD SAVINGS MANAGEMENT LIMITED,SC135636,Active,Director,Resigned,26 February 2002,10 February 2009
20997,Karl Calder ROSIE,CAITHNESS HORIZONS TRADING LIMITED,SC333203,Active,Director,Active,22 December 2017,
20997,Karl Calder ROSIE,CAITHNESS HORIZONS,SC269929,Active,Director,Active,22 December 2017,
20997,Karl Calder ROSIE,CAITHNESS BROCH PROJECT,SC461601,Active,Director,Resigned,18 February 2016,1 March 2017
21068,Ian YUILL,ABERDEEN CITY HERITAGE TRUST,SC271933,Active,Director,Resigned,12 August 2004,7 April 2009
21068,Ian YUILL,SCOTTISH COUNCIL FOR VOLUNTARY ORGANISATIONS,SC024591,Converted / Closed,Director,Resigned,23 November 2004,29 November 2007
21068,Ian Gillan YUILL,ABERDEEN FORWARD LIMITED,SC200999,Dissolved,Director,Resigned,1 May 2003,11 August 2004
21068,Ian Gillan YUILL,ABERDEEN ASSOCIATION OF SOCIAL SERVICE,SC018487,Active,Director,Resigned,20 September 1994,31 March 1996
21119,Barbara Irene GIBSON,SKYSWOOD MANAGEMENT LIMITED,01383373,Active,Director,Resigned,31 December 1991,31 May 2014
21119,Barbara Irene GIBSON,SKYSWOOD MANAGEMENT LIMITED,01383373,Active,Secretary,Resigned,18 March 1992,31 May 2014
22500,Fayzan REHMAN,REHMAN CONSULTING SERVICES LTD,SC518719,Dissolved,Director,,26 October 2015,
22533,Allan Hopkins DORANS,AYR HISTORICAL TOURS LTD,SC601481,Active,Director,Active,2 July 2018,
22533,Allan Hopkins DORANS,NORTH AYRSHIRE MEDIATION SERVICES LTD,SC357011,Dissolved,Director,,23 March 2009,
22533,Allan Hopkins DORANS,WEST OF SCOTLAND MEDIATION LIMITED,SC354727,Dissolved,Director,,9 February 2009,
22533,Allan Hopkins DORANS,VOLUNTARY ACTION SOUTH AYRSHIRE,SC253334,Active,Director,Resigned,19 July 2012,31 August 2015
22533,Allan Hopkins DORANS,ASPIRE2ACCESS,SC162153,Liquidation,Director,Resigned,15 May 2014,24 June 2015
22533,Allan Hopkins DORANS,VOLUNTARY ACTION SOUTH AYRSHIRE,SC253334,Active,Director,Resigned,9 October 2003,6 October 2011
22817,Jonathan ELMER,DEMOCRATISE LTD,06911272,Dissolved,Director,,20 May 2009,
22817,Jonathan ELMER,THE WOODLAND BURIAL TRUST CIC,07029056,Liquidation,Director,Resigned,24 September 2009,17 January 2015
22937,Ian Roy CHANDLER,IAN & KARIN CHANDLER LTD,05757443,Active,Director,Active,27 March 2006,
22937,Ian Roy CHANDLER,IAN & KARIN CHANDLER LTD,05757443,Active,Secretary,Active,27 March 2006,
22937,Ian Roy CHANDLER,THE NATIONAL CHILDBIRTH TRUST,02370573,Active,Director,Resigned,9 June 2007,15 May 2010
23401,Joy Anne BASSETT,BETTER BODMIN LIMITED,05486450,Active,Director,Active,7 November 2017,
23401,Joy Anne BASSETT,INTOBODMIN CIC,11005917,Active,Director,Active,10 October 2017,
23553,Ian Robert SHARPE,THE LEICESTERSHIRE COLLEGE LIMITED,10462838,Active,Director,Active,27 February 2018,
23553,Ian Robert SHARPE,RENEWABLE TECHNICAL SERVICES TRUSTEES LIMITED,07731851,Dissolved,Director,Resigned,8 August 2011,31 July 2015
23553,Ian Robert SHARPE,RENEWABLE TECHNICAL SERVICES LIMITED,06087965,In Administration,Director,Resigned,19 July 2011,28 July 2015
23553,Ian Robert SHARPE,DRIVES & CONTROLS SERVICES LTD,05418759,Active,Secretary,Resigned,21 April 2006,23 January 2009
23553,Ian Robert SHARPE,GE ENERGY POWER CONVERSION UK HOLDINGS LIMITED,06702141,Active,Secretary,Resigned,18 September 2008,23 January 2009
23553,Ian Robert SHARPE,GE ENERGY POWER CONVERSION UK LIMITED,05571739,Active,Secretary,Resigned,21 April 2006,14 November 2008
23553,Ian Robert SHARPE,GE POWER CONVERSION BRAZIL HOLDINGS LIMITED,02416188,Active,Secretary,Resigned,21 April 2006,14 November 2008
23553,Ian Robert SHARPE,ALSTOM ELECTRICAL MACHINES LTD,00490074,Liquidation,Director,Resigned,21 October 2004,10 November 2005
23741,Kelvin Charles CLAYTON,TRANSITION TOWN BRIDPORT LIMITED,06879836,Active,Director,Active,10 December 2018,
24338,Robin Francis BENNETT,EMPLOYMENT ACTION GROUP (BERINSFIELD) LIMITED,01767086,Active,Director,Active,13 November 2017,
24456,Marie Clare GOLDMAN,PIKTICAL LIMITED,11151017,Active,Director,Active,15 January 2018,
24456,Marie Clare GOLDMAN,RED GLAZING SYSTEMS LTD,10439705,Active,Director,Active,21 October 2016,
24456,Marie Clare GOLDMAN,RED INSTALLATIONS LIMITED,07407998,Active,Director,Active,14 October 2010,
24456,Marie Clare GOLDMAN,RED GRAPE LIMITED,05534846,Dissolved,Director,,12 August 2005,
24456,Marie Clare GOLDMAN,RED GRAPE LIMITED,05534846,Dissolved,Secretary,,12 August 2005,
24456,Marie Clare GOLDMAN,MAKING SOLUTIONS LTD,04921499,Active,Director,Active,9 October 2003,
24456,Marie Clare GOLDMAN,ANJIG LIMITED,09720009,Dissolved,Director,Resigned,5 August 2015,15 November 2016
24757,Robert Jason EDWARDS,LLANDUDNO COMMUNITY RADIO LIMITED,05468223,Active,Director,Resigned,9 March 2009,7 July 2009
24820,Joan Carol TEBBUTT,BONDGATE PRINT LIMITED,06500695,Dissolved,Director,,12 February 2008,
24947,Jason Richard BILLIN,BDS PUBLISHING LTD,11227749,Active,Director,Active,27 February 2018,
24947,Jason Richard BILLIN,BDS21 LTD,04410842,Active,Director,Active,26 August 2003,
24947,Jason Richard BILLIN,BDS21 LTD,04410842,Active,Director,Resigned,8 April 2002,25 February 2003
25365,Hugo Simeon FEARNLEY,NATURE'S LABORATORY MANUFACTURING LTD,05614302,Dissolved,Secretary,,18 July 2006,
25365,Hugo Simeon FEARNLEY,NATURES LABORATORY LIMITED,04375564,Active,Director,Active,24 June 2010,
25753,Sarah Caroline CHURCH,WILTSHIRE LAW CENTRE,01796532,Active,Director,Resigned,28 November 2017,12 June 2019
25919,Amanda Jayne HOPGOOD,THE EXCEL ACADEMY PARTNERSHIP,07837770,Active,Director,Active,1 September 2018,
25919,Amanda Jayne HOPGOOD,COUNTY DURHAM DEVELOPMENT COMPANY LIMITED,01997673,Dissolved,Director,,24 May 2017,
25919,Amanda Jayne HOPGOOD,CANTERBURY KIDS CLUB LIMITED,06887489,Active,Director,Active,24 April 2009,
25919,Amanda Jayne HOPGOOD,NEWTON HALL COMMUNITY CENTRE LIMITED,06837431,Dissolved,Director,,5 March 2009,
25919,Amanda Jayne HOPGOOD,THE EXCEL ACADEMY PARTNERSHIP,07837770,Active,Director,Resigned,17 November 2011,31 August 2017
26002,Oliver HENMAN,LANDPORT YOUTH CENTRE,08302042,Active,Director,Active,11 September 2019,
26200,Duncan Charles BAKER,CUSTANCE PROPERTIES LIMITED,10446510,Active,Director,Active,26 October 2016,
26200,Duncan Charles BAKER,MORTON ENTERPRISES LIMITED,00360815,Active,Director,Active,1 October 2012,
26200,Duncan Charles BAKER,C.T. BAKER LIMITED,00067886,Active,Director,Active,1 October 2012,
26200,Duncan Charles BAKER,HOLT YOUTH PROJECT LIMITED,06844711,Active,Director,Resigned,21 August 2014,31 May 2018
26308,Elfrede Mary BRAMBLEY-CRAWSHAW,BECCLES STATION ENTERPRISE C.I.C.,09646790,Active,Director,Active,18 June 2015,
26744,Martin WRIGLEY,NEWTON ABBOT COMMUNITY INTEREST COMPANY,06732032,Active,Director,Active,26 June 2019,
26744,Martin WRIGLEY,THE MOMENT CONTENT COMPANY LIMITED,03962001,Active,Director,Resigned,9 October 2000,6 March 2001
26776,Sherief HASSAN,WATTS HASSAN ASSOCIATES LTD,07268749,Dissolved,Director,,1 June 2010,
26974,Simon Robert Maurice BAYNES,LLANGOLLEN INTERNATIONAL MUSICAL EISTEDDFOD LIMITED(THE),01165311,Active,Director,Active,19 April 2017,
26974,Simon Robert Maurice BAYNES,THE GARDENS TRUST,03163187,Active,Director,Active,2 September 2016,
26974,Simon Robert Maurice BAYNES,YMDDIRIEDOLAETH GERDDI HANESYDDOL CYMRU - WELSH HISTORIC GARDENS TRUST,02829630,Active,Director,Active,17 November 2015,
26974,Simon Robert Maurice BAYNES,THE CAZENOVE ASSOCIATION LIMITED,07139215,Active,Director,Active,1 January 2015,
26974,Simon Robert Maurice BAYNES,MID WALES OPERA LIMITED,03001101,Active,Director,Active,30 November 2011,
26974,Simon Robert Maurice BAYNES,MORETON HALL EDUCATIONAL TRUST LIMITED,00787642,Active,Director,Resigned,5 October 2015,8 February 2018
26974,Simon Robert Maurice BAYNES,LLANFYLLIN DOLYDD BUILDING PRESERVATION TRUST,04322101,Active,Director,Resigned,30 November 2005,11 June 2012
27009,Dinah MULHOLLAND,TRANSITION LLAMBED DEVELOPMENT TRUST,07035904,Active,Director,Resigned,1 November 2016,7 December 2018
27489,Claire Elizabeth HEWLETT,THE MAIA PROJECT,05650130,Active,Director,Resigned,4 December 2015,20 July 2017
27489,Claire Elizabeth HEWLETT,CORNWALL GARDENS TRUST,02331942,Active,Director,Resigned,27 November 2009,19 April 2013
28723,Nasir ADAM,VOLUNTARY COMMUNITY SERVICE (CYMRU) LIMITED,03055005,Active,Director,Active,17 September 2013,
29362,Timothy Charles STYLES,HARBOUR HOUSING LIMITED,09893798,Dissolved,Director,,30 November 2015,
29362,Timothy Charles STYLES,HARBOUR HOUSING LTD.,10048718,Active,Director,Active,8 March 2016,
29362,Timothy Charles STYLES,TCS LEISURE LIMITED,08690965,Active,Director,Active,16 September 2013,
29362,Timothy Charles STYLES,COSGARNE HALL LIMITED,06725642,Active,Director,Active,27 November 2012,
29362,Timothy Charles STYLES,TCS BUSINESS SERVICES LIMITED,08251481,Active,Director,Active,12 October 2012,
29362,Timothy Charles STYLES,POCHIN HOUSE MANAGEMENT COMPANY LIMITED,04912198,Active,Director,Resigned,22 February 2007,22 April 2009
29690,Johnny DENIS,COMMON CAUSE CO-OPERATIVE LIMITED,02900270,Active,Director,Resigned,9 July 2002,21 February 2012
29690,Johnny DENIS,LEWES COMMUNITY LAND TRUST,06484965,Converted / Closed,Director,Resigned,28 January 2008,1 September 2011
29690,Johnny DENIS,LEWES COMMUNITY LAND TRUST,06484965,Converted / Closed,Secretary,Resigned,28 January 2008,1 January 2010
29690,Johnny DENIS,LEWES TOWN PARTNERSHIP,04779872,Dissolved,Secretary,Resigned,29 May 2003,6 January 2006
29690,Johnny DENIS,LEWES TOWN PARTNERSHIP,04779872,Dissolved,Director,Resigned,29 May 2003,6 January 2006
29690,Johnny DENIS,NOW! CHARITY GROUP LTD,03077894,Active,Director,Resigned,31 July 1995,1 April 2004
29690,Johnny DENIS,COMMON CAUSE CO-OPERATIVE LIMITED,02900270,Active,Secretary,Resigned,21 February 1994,21 October 1996
29690,Johnny DENIS,COMMON CAUSE CO-OPERATIVE LIMITED,02900270,Active,Director,Resigned,21 February 1994,21 October 1996
29690,Johnny Huw Charles DENIS,EAST SUSSEX ALC LIMITED,08500914,Active,Director,Resigned,24 June 2015,25 June 2018
29690,Johnny Huw Charles DENIS,SEW FABULOUS COMMUNITY INTEREST COMPANY,08966298,Active,Director,Resigned,23 July 2015,17 April 2018
29690,Johnny Huw Charles DENIS,SAIL BOAT PROJECT COMMUNITY INTEREST COMPANY,06821730,Active,Director,Resigned,16 November 2015,22 March 2018
29690,Johnny Huw Charles DENIS,COMMUNITY CHEF - GOOD FOOD FOR ALL C.I.C.,08506896,Active,Director,Resigned,17 October 2016,1 March 2018
29813,Sarah ATHERTON,SANDSTONE BREWERY LLP,OC334399,Dissolved,LLP Designated Member,Resigned,28 January 2008,5 October 2013
29982,Malcolm David BINT,A.C.I.C. INTERNATIONAL LIMITED,02144926,Liquidation,Director,,10 February 1991,
29982,Malcolm David BINT,THE LED STUDIO LTD,07345642,Active,Director,Resigned,13 August 2010,7 September 2018
30366,Dominic Edmund Paul SKINNER,SPATIAL FUTURE LTD,10860105,Active,Director,Active,11 July 2017,
30366,Dominic Edmund Paul SKINNER,SPATIAL FUTURE ARCHITECTURE AND DESIGN LTD,09287149,Dissolved,Director,,29 October 2014,
31895,Sabrina Helen Marie POOLE,THE CIRENCESTER COMMUNITY DEVELOPMENT TRUST LTD,08022457,Active,Director,Active,9 April 2018,
31985,Suzanna Marie AUSTIN,ECOPHY CLEANING SERVICES LTD,07600390,Active,Director,Resigned,12 April 2011,27 December 2018
31985,Suzanna Marie AUSTIN,ECOPHY LTD,10512524,Dissolved,Director,Resigned,6 December 2016,1 September 2018
33270,Cristoffer Wyn TOMOS,IAITH CYF,02803324,Active,Director,Active,26 April 2017,
33270,Cristoffer Wyn TOMOS,CYMDEITHAS CWM ARIAN CYF,08005497,Dissolved,Director,,26 March 2012,
33270,Cristoffer Wyn TOMOS,PEMBROKESHIRE LOCAL ACTION NETWORK FOR ENTERPRISE & DEVELOPMENT                 LIMITED,02705081,Active,Director,Resigned,28 November 2006,18 December 2015
33270,Cristoffer Wyn TOMOS,CARDIGAN CASTLE ENTERPRISES LIMITED,07285463,Active,Director,Resigned,28 January 2015,22 July 2015
33270,Cristoffer Wyn TOMOS,CYMDEITHAS GWASANAETHAU GWIRFODDOL SIR GAR CARMARTHENSHIRE ASSOCIATION OF VOLUNTARY SERVICES,03348742,Active,Secretary,Resigned,5 December 2005,31 January 2011
33346,James AIREY,LUNE VALLEY TRANSPORT ENTERPRISE LIMITED,02451487,Active,Director,Resigned,19 February 1999,8 October 2003
33889,Christopher Charles STANBRA,CORBY FM LIMITED,06470191,Active,Director,Active,11 January 2008,
33889,Christopher Charles STANBRA,CORBY COMMUNITY RADIO LIMITED,06469231,Active,Director,Active,10 January 2008,
33889,Christopher Charles STANBRA,PAUL POPPER LIMITED,01332826,Active,Director,Resigned,1 January 2000,23 January 2003
34111,Molly SCOTT CATO,STROUD COMMON WEALTH COMPANY LIMITED,03859422,Active,Director,Resigned,5 July 2007,11 December 2014
34286,Simon Jonathan LETTS,SOUTHAMPTON BUSINESS IMPROVEMENT DISTRICT LTD,10609018,Active,Director,Resigned,15 May 2017,16 August 2018
34286,Simon Jonathan LETTS,SOLENT LOCAL ENTERPRISE PARTNERSHIP LIMITED,07569938,Active,Director,Resigned,6 June 2013,16 May 2018
34286,Simon Jonathan LETTS,EASTPOINT CENTRE LIMITED,02009985,Dissolved,Director,Resigned,19 June 2012,14 May 2013
34286,Simon Jonathan LETTS,EASTPOINT TRAINING AND EDUCATION COMPANY LIMITED,03104187,Dissolved,Director,Resigned,19 June 2012,14 May 2013
34286,Simon Jonathan LETTS,EASTPOINT TRAINING AND EDUCATION CENTRE LIMITED,04235341,Dissolved,Director,Resigned,19 June 2012,14 May 2013
34286,Simon Jonathan LETTS,EASTPOINT CENTRE LIMITED,02009985,Dissolved,Director,Resigned,20 July 2006,19 June 2012
34286,Simon Jonathan LETTS,EASTPOINT TRAINING AND EDUCATION COMPANY LIMITED,03104187,Dissolved,Director,Resigned,20 July 2006,19 June 2012
34286,Simon Jonathan LETTS,EASTPOINT TRAINING AND EDUCATION CENTRE LIMITED,04235341,Dissolved,Director,Resigned,20 July 2006,19 June 2012
34301,Bethany Marie MILLER,ADRENALINE ALLEY,05819804,Active,Director,Active,10 November 2017,
34349,Marsha DE CORDOVA,BATTERSEA ARTS CENTRE,01569115,Active,Director,Active,25 September 2019,
34356,Sean Adam Fleming DROMGOOLE,GAME VISION EUROPE LTD,04589708,Active,Secretary,Active,13 November 2002,
34356,Sean Adam Fleming DROMGOOLE,GAME VISION EUROPE LTD,04589708,Active,Director,Active,13 November 2002,
34356,Sean Adam Fleming DROMGOOLE,SOME RESEARCH LTD,04196174,Active,Secretary,Active,6 April 2001,
34356,Sean Adam Fleming DROMGOOLE,SOME RESEARCH LTD,04196174,Active,Director,Active,6 April 2001,
34397,Andrew Howard WESTERN,TRAFFORD HOUSING TRUST LIMITED,04831118,Active,Director,Active,1 July 2019,
34477,Rachel Claire EDEN,HOLY BROOK ASSOCIATES LTD.,09317210,Active,Director,Active,18 November 2014,
34595,Neil George DARBY,LIBERTY BIRD CAMPAIGNS LIMITED,09831068,Dissolved,Director,,19 October 2015,
34598,Dermot NICHOLL,COLERAINE SURE START PARTNERSHIP,NI043674,Active,Director,Active,31 May 2016,
34598,Dermot NICHOLL,CAUSEWAY COAST AND GLENS LOCAL ACTION GROUP LTD,NI635863,Active,Director,Active,18 January 2016,
34616,Adrian John GEE-TURNER,L'EAU LIMITED,10383453,Active,Director,Active,15 May 2019,
34628,Claire Elizabeth JACKSON-PRIOR,THE GOWER INITIATIVE FOR MODERN MONEY STUDIES LTD,11969891,Active,Director,Active,30 April 2019,
34971,Heather Margaret BARRIE,BARRIE 1965 LIMITED,08861773,Dissolved,Director,,27 January 2014,
34971,Heather Margaret BARRIE,I FEEL LIKE A MILLION DOLLARS LIMITED,06354214,Active,Director,Active,28 August 2007,
34971,Heather Margaret BARRIE,I FEEL LIKE A MILLION DOLLARS LIMITED,06354214,Active,Secretary,Active,28 August 2007,
34971,Heather Margaret BARRIE,CULIBRA HEALTH LIMITED,05821131,Active,Director,Active,18 May 2006,
34971,Heather Margaret BARRIE,BABELON-LINE LIMITED,04601664,Active,Secretary,Resigned,5 May 2003,22 August 2011
34989,Timothy LORD,FONCURR LIMITED,01268691,Active,Secretary,Active,12 April 2007,
35023,Peter MARSHALL,PMA SOFTWARE SERVICES LTD,07959136,Dissolved,Director,,21 February 2012,
35090,Donald Francis John ALLWRIGHT,CANARD DIGITAL SERVICES LTD,07146937,Active,Director,Active,4 February 2010,
35149,Ian Gordon COOPER,HALES OWEN CIVIC SOCIETY,10192814,Dissolved,Director,,21 May 2016,
35149,Ian Gordon COOPER,HASBURY COMMUNITY ASSOCIATION,08355604,Active,Director,Active,10 January 2013,
35311,Zoe HATCH,PRODUCT AND TECHNOLOGY DEVELOPMENT LIMITED,04270346,Active,Secretary,Active,23 March 2004,
35992,Roderick Giles CANTRILL,20-21 MHS LESSEES LIMITED,05633920,Active,Director,Active,1 December 2018,
35992,Roderick Giles CANTRILL,SHERIDAN HOUSE (CAMBRIDGE) LIMITED,05929057,Active,Secretary,Active,7 May 2008,
35992,Roderick Giles CANTRILL,SHERIDAN HOUSE (CAMBRIDGE) LIMITED,05929057,Active,Director,Active,8 September 2006,
35992,Roderick Giles CANTRILL,WINTERCOMFORT FOR THE HOMELESS,02615905,Active,Director,Active,28 April 2005,
35992,Roderick Giles CANTRILL,MILLINGTON ADVISORY PARTNERS LIMITED,04603234,Active,Secretary,Active,3 December 2002,
35992,Roderick Giles CANTRILL,MILLINGTON ADVISORY PARTNERS LIMITED,04603234,Active,Director,Active,3 December 2002,
35992,Roderick Giles CANTRILL,STOREY'S FIELD COMMUNITY TRUST,08696283,Active,Director,Resigned,18 September 2013,16 June 2014
35992,Roderick Giles CANTRILL,CAMBRIDGE CITY CENTRE PARTNERSHIP LIMITED,06849799,Dissolved,Director,Resigned,3 April 2009,15 July 2010
36114,Ruth GRIPPER,THE ROYAL INSTITUTION OF CORNWALL,08362598,Active,Director,Active,31 January 2019,
36131,Humaira ALI,INTUITIVE CHANGE LTD,09601065,Active,Director,Active,20 May 2015,
36131,Humaira ALI,DOBEY INCORPORATED LIMITED,08833452,Active,Director,Resigned,2 January 2015,18 September 2017
36131,Humaira ALI,THE KEYSE MANAGEMENT COMPANY LIMITED,06858900,Active,Director,Resigned,20 March 2012,26 June 2014
37499,Ian Fraser SOLLOM,SOUTH CAMBS LIMITED,08336413,Active,Director,Active,18 June 2018,
38339,Thomas Robert FRANKS,NELSON COURT (ILKLEY) LTD,06121345,Active,Director,Active,22 February 2007,
38339,Thomas Robert FRANKS,ELMETE GRANGE MANAGEMENT COMPANY (MENSTON) LIMITED,01730190,Active,Secretary,Resigned,27 April 2006,1 March 2017
38339,Thomas Robert FRANKS,SPINNING MILL COURT MANAGEMENT COMPANY LIMITED,03323816,Active,Director,Resigned,3 July 2003,1 March 2016
38713,Talia Joan HUSSAIN,SWINK IT LIMITED,04752890,Active,Director,Active,11 May 2003,
38713,Talia Joan HUSSAIN,SWINK IT LIMITED,04752890,Active,Secretary,Resigned,7 September 2004,8 July 2006
39487,Matthew UBEROI,418 TO 420 FULHAM ROAD RESIDENTS' MANAGEMENT COMPANY LIMITED,04329237,Active,Director,Active,15 May 2018,
39487,Matthew UBEROI,HAMMERSMITH AND FULHAM COMMUNITY LAW CENTRE,01417251,Active,Director,Active,3 February 2018,
41003,Vivien Aviva LICHTENSTEIN,QUEENS COURT ST JOHNS WOOD LTD,02879685,Active,Director,Resigned,5 May 2016,14 March 2019
41003,Vivien Aviva LICHTENSTEIN,THE FREEDOM THEATRE FRIENDS UK CIC,09486032,Active,Director,Resigned,12 March 2015,1 January 2019
41677,Sharron SUMNER,ROCKHOPPA LIMITED,08164624,Dissolved,Director,,1 August 2012,
45198,Arnold WARNEKEN,TOCKWITH FESTIVALS LTD,07691277,Active,Director,Resigned,12 December 2011,12 July 2014
45374,Ese ADJEKUGHELE,BLUE ANTELOPE LIMITED,09537368,Dissolved,Director,,13 April 2015,
45374,Ese ADJEKUGHELE,INTERNATIONAL DEBATE EDUCATION ASSOCIATION-UK,06821924,Active,Director,Active,22 January 2015,
45374,Ese ADJEKUGHELE,BLUEISH SEA LIMITED,08025729,Dissolved,Director,,11 April 2012,
46264,Paul Christopher KOHLER,BABYLON BARS (LONDON) LIMITED,06168997,Active,Director,Active,19 March 2007,
46264,Paul Christopher KOHLER,BABYLON BARS LIMITED,05262781,Active,Director,Active,18 October 2004,
46264,Paul Christopher KOHLER,KOHLER MACARTHUR HIGHER EDUCATION SERVICES LTD,03164172,Dissolved,Director,,19 March 1996,
47475,William Kent RELTON,WYNCLIFFE MANSIONS FREEHOLD LIMITED,08364511,Active,Director,Active,17 January 2013,
47475,William Kent RELTON,LONDON CONTEMPORARY OPERA,04248524,Dissolved,Director,,3 December 2002,
48737,Elliot COLBURN,COMMUNITY ACTION SUTTON,03336660,Active,Director,Resigned,8 March 2017,20 June 2018
49193,Helen TAMBLYN-SAVILLE,BRITISH TENPIN BOWLING ASSOCIATION,01178858,Active,Director,Resigned,1 February 2019,1 June 2019
49361,Kate ALLSOP,MANSFIELD HOMES LIMITED,09182235,Active,Director,Active,3 September 2015,
49462,Georgina Sarah TRELOAR,COPY AND CREATIVE LIMITED,09624089,Dissolved,Director,,4 June 2015,
50626,Daniel Edward LAYCOCK,HUNTS FORUM OF VOLUNTARY ORGANISATIONS,05795877,Active,Director,Resigned,20 November 2014,19 November 2015
50626,Daniel Edward LAYCOCK,NATURAL HIGH EXPERIENCE LIMITED,04314752,Dissolved,Director,Resigned,2 June 2014,15 January 2015
50749,Lars Martin KRAMM,KRAMM RESEARCH TRAINING & CONSULTANCY LIMITED,09324698,Active,Director,Active,24 November 2014,
51778,Andrew Peter PROSSER,CAPITALACTIV LTD,09260975,Active,Director,Active,13 October 2014,
51908,Carl Cheswick BENFIELD,REFRESH BUSINESS LTD,11260854,Active,Director,Active,16 March 2018,
51908,Carl Cheswick BENFIELD,BENFIELD HOMES UK 2016 LIMITED,10444214,Active,Director,Active,20 September 2017,
51908,Carl Cheswick BENFIELD,PRESCIENT LIGHT LIMITED,09720606,Dissolved,Director,,6 August 2015,
51908,Carl Cheswick BENFIELD,PRESCIENT GROUP LIMITED,09720652,Dissolved,Director,,6 August 2015,
51908,Carl Cheswick BENFIELD,PRESCIENT POWER LTD,06840312,Dissolved,Director,,9 March 2009,
51908,Carl Cheswick BENFIELD,RURAL ENERGY & UTILITIES NETWORK GROUP LTD,08872126,Dissolved,Director,Resigned,24 August 2015,11 November 2015
51908,Carl Cheswick BENFIELD,ASHBY DE LA ZOUCH TOWN CENTRE PARTNERSHIP,07901100,Dissolved,Director,Resigned,9 January 2012,12 July 2013
52822,Shana ROBERTS,BROOKSIDE BIG LOCAL COMMUNITY INTEREST COMPANY,11742083,Active,Director,Active,27 December 2018,
53308,Hannah Margaret YOUNG,NORTH SOMERSET COMMUNITY PARTNERSHIP COMMUNITY INTEREST COMPANY,07569496,Active,Director,Active,1 September 2017,
53308,Hannah Margaret YOUNG,BABBASA YOUTH EMPOWERMENT PROJECTS C.I.C.,08584240,Active,Director,Active,30 August 2019,
53444,Matthew Cameron THEOBALD,MEDICAL DEVICES ALLIANCE LIMITED,10071884,Dissolved,Director,,18 March 2016,
53444,Matthew Cameron THEOBALD,ARK PROJECT LEADERSHIP LIMITED,07704267,Dissolved,Director,,13 July 2011,
53444,Matthew Cameron THEOBALD,THREE CIRCLES CONSULTING LIMITED,06012491,Active,Director,Active,28 November 2006,
53535,Ashley CARTMAN,JUNIPER ACCOUNTANCY LIMITED,06127165,Active,Director,Active,26 February 2007,
53535,Ashley CARTMAN,GRANGE PHYSIOTHERAPY LTD,05169027,Dissolved,Secretary,Resigned,1 August 2007,19 November 2010
53535,Ashley CARTMAN,SQUIRE HOMES LIMITED,06305652,Dissolved,Director,Resigned,20 August 2007,18 February 2008
53535,Ashley CARTMAN,SQUIRE HOMES LIMITED,06305652,Dissolved,Secretary,Resigned,9 July 2007,20 August 2007
53535,Ashley CARTMAN,JUNIPER ACCOUNTANCY LIMITED,06127165,Active,Secretary,Resigned,26 February 2007,23 April 2007
57295,Karen WARD,THE ADITI COLLECTION LIMITED,09206083,Active,Director,Active,5 September 2014,
57295,Karen WARD,TALENT PSYCHOLOGY LIMITED,07194804,Dissolved,Director,,18 March 2010,
57295,Karen WARD,BREAK,01699685,Active,Director,Resigned,17 July 2015,4 December 2017
58950,Natalie Drifa Jay CARSWELL,EDEN ROC MANAGEMENT COMPANY LIMITED,10789836,Active,Director,Active,25 May 2017,
58950,Natalie Drifa Jay CARSWELL,SPARK+VOLT LIMITED,10385276,Active,Director,Active,20 September 2016,
58950,Natalie Drifa Jay CARSWELL,GIFTCLEVER LIMITED,08601670,Dissolved,Director,,9 July 2013,
58950,Natalie Drifa Jay CARSWELL,ENERGYCOUNT LIMITED,06249191,Active,Director,Active,16 May 2007,
58950,Natalie Drifa Jay CARSWELL,ENERGYCOUNT LIMITED,06249191,Active,Secretary,Active,16 May 2007,
58950,Natalie Drifa Jay CARSWELL,GARDEN SWAP SHOP LIMITED,05287144,Dissolved,Director,Resigned,27 November 2008,5 March 2014
58950,Natalie Drifa Jay CARSWELL,GARDEN SWAP SHOP LIMITED,05287144,Dissolved,Secretary,Resigned,27 November 2008,5 March 2014
59344,Bryan BLEARS,SYNAPSCO LIMITED,07420733,Dissolved,Director,,27 October 2010,
61419,Robert Liam EGGLESTON,THE ONE (COMPETITION) LIMITED,09299989,Dissolved,Director,,7 November 2014,
61419,Robert Liam EGGLESTON,AFPA TRUST LTD,08480755,Active,Director,Active,9 April 2013,
61419,Robert Liam EGGLESTON,SYSCAP LEASING LIMITED,02718043,Active,Director,Resigned,1 November 2004,17 July 2008
61419,Robert Liam EGGLESTON,SYSCAP FINANCE LIMITED,02717345,Dissolved,Director,Resigned,1 April 2003,29 September 2006
61983,Gareth James WILLIS,CHART (MANAGEMENT) LIMITED,01124509,Active,Director,Active,5 August 2019,
61983,Gareth James WILLIS,21 STOWE ROAD LIMITED,04976141,Active,Director,Active,25 November 2003,
65426,Emily Jane COY,HOLMAN STANLEY LIMITED,12032635,Active,Director,Active,4 June 2019,
65426,Emily Jane COY,PATHWAYS OF CHESTERFIELD LIMITED,10689076,Active,Director,Active,7 September 2017,
69530,Graham David COLLEY,GTM FINANCIAL (ROCHESTER) LIMITED,09614058,Active,Director,Active,29 May 2015,
69530,Graham David COLLEY,GTM (ROCHESTER) FINANCIAL LIMITED,09613781,Dissolved,Director,,29 May 2015,
69530,Graham David COLLEY,NEIGHBOUR DISPUTE MEDIATION SCHEME LIMITED(THE),02002509,Active,Secretary,Active,22 January 1998,
69530,Graham David COLLEY,THE HUME HOUSE AND ED BONNER COMPANY LIMITED,02235957,Active,Secretary,Resigned,20 December 1991,2 May 2001
69745,Julie Mcculloch GIRLING,DOVERS HILL CONSULTING LTD,12276153,Active,Director,Active,23 October 2019,
69745,Julie Mcculloch GIRLING,GLOUCESTER HERITAGE URBAN REGENERATION COMPANY LIMITED,04970761,Dissolved,Director,Resigned,24 May 2006,31 March 2011
70378,Ann Christine TARR,NICK TARR ASSOCIATES LIMITED,06713020,Active,Director,Active,1 August 2019,
70379,Roger Charles LANE-NOTT,THE DENBIGH ALLIANCE,07527108,Active,Director,Active,31 March 2017,
70379,Roger Charles LANE-NOTT,VETERANS FOR BRITAIN LIMITED,10513257,Active,Director,Active,6 December 2016,
70379,Roger Charles LANE-NOTT,PANGBOURNE COLLEGE LIMITED,00260104,Active,Director,Active,18 November 2010,
70379,Roger Charles LANE-NOTT,BATH AND WEST SHOWS LIMITED,08680261,Active,Director,Resigned,2 June 2014,18 February 2015
70379,Roger Charles LANE-NOTT,OUTDOOR POWER EQUIPMENT LIMITED,04635807,Active,Director,Resigned,7 June 2007,15 December 2014
70379,Roger Charles LANE-NOTT,AGRICULTURAL ENGINEERS ASSOCIATION(THE),00544745,Active,Director,Resigned,17 April 2007,15 December 2014
70412,Haseeb UR-REHMAN,LEXGATE LTD.,08734492,Active,Director,Active,16 October 2013,
70477,Christopher Graham ELLIS,DIAMONDCORP PLC,05400982,Dissolved,Director,,1 February 2016,
70505,Vishal KHATRI,X-GEN SPORTS MANAGEMENT LTD,08824291,Active,Director,Active,23 December 2013,
70505,Vishal KHATRI,WESTFIELD HOSTEL LIMITED,06759169,Active,Director,Resigned,26 November 2008,4 October 2010
70532,James HEARTFIELD,EVE KAY TV LIMITED,06175422,Active,Director,Active,19 March 2012,
70532,James HEARTFIELD,AUDACITY LIMITED,03909706,Active,Director,Resigned,4 June 2002,23 July 2014
71284,Paul ROBERTSON,BIBA-DUSHI LTD,SC589344,Active,Director,Active,21 February 2018,
71284,Paul ROBERTSON,MB DENARIUS BF804 LLP,SO300036,Active,LLP Designated Member,Active,1 May 2014,
71284,Paul ROBERTSON,BIBA-DUSHI LTD,SC589344,Active,Director,Resigned,20 February 2018,20 February 2018
71285,Michael Thomas OGLE,WOODFURN LTD,11181396,Dissolved,Director,,1 February 2018,
71290,Chidi NGWABA,LIFE COLOURS LTD,08938923,Dissolved,Director,,13 March 2014,
71290,Chidi NGWABA,DR CHIDI LTD,08606248,Dissolved,Director,,11 July 2013,
71290,Chidi NGWABA,NEOS SMART HEALTH LTD,07611085,Dissolved,Director,,1 May 2012,
71294,Michael BANKS,EMPLOYMENT CLAIMS DIRECT LTD,07740084,Dissolved,Director,,15 August 2011,
71297,Craig LINSNER,LINSNER MANAGEMENT CONSULTANTS LIMITED,06440588,Dissolved,Director,,29 November 2007,
71297,Craig LINSNER,IFG DRAKE LIMITED,00395431,Active,Director,Resigned,27 March 2009,17 November 2011
71297,Craig LINSNER,FIBRIN (HUMBERSIDE) LIMITED,02272096,Dissolved,Director,Resigned,11 November 2000,1 December 2006
71297,Craig LINSNER,ADFIL LIMITED,03270532,Active,Director,Resigned,11 November 2000,1 December 2006
71297,Craig LINSNER,LCM CONSTRUCTION PRODUCTS LIMITED,04049485,Active,Director,Resigned,4 October 2000,1 December 2006
71303,Julie Anne MCGUIGAN,BRINDLEY HOUSE RTM COMPANY LIMITED,09536670,Active,Director,Resigned,10 April 2015,7 July 2016
71303,Julie Anne MCGUIGAN,BIRMINGHAM TRAINEE SOLICITORS' SOCIETY LIMITED,01487774,Active,Director,Resigned,26 March 2015,26 March 2016
71303,Julie Anne MCGUIGAN,NORTHGATE BEE HIVE ENTERPRISES,09266245,Dissolved,Director,Resigned,15 October 2014,22 October 2014
71308,Nick BROWN,PROCUL UK LTD,10388738,Active,Director,Active,22 September 2016,
71311,Richard TAYLOR,RT PRODUCTIONS LIMITED,08819353,Dissolved,Director,,18 December 2013,
71312,Hartley Askew ELDER,ELDER AVIATION LTD,09252765,Active,Director,Active,7 October 2014,
71333,Jyoti Naraindas DIALANI,LEXCEL CONSULTANCY LTD,12127583,Active,Director,Active,29 July 2019,
71341,Edmund John FORDHAM,ENERGETICS RESEARCH AND CONSULTING LTD,11541058,Active,Director,Active,29 August 2018,
71342,Ian William GORMAN,AGROWILL GLOBAL LTD,11001832,Active,Director,Active,1 August 2018,
71342,Ian William GORMAN,CWBDT LTD,11359306,Active,Director,Active,14 May 2018,
71344,Richard PHILLIPS,INNOVATION GRID LIMITED,11330943,Dissolved,Director,,26 April 2018,
71351,Julia Catherine Weir AGLIONBY,SUSAN'S FARM CIC,09549187,Converted / Closed,Director,,19 April 2015,
71351,Julia Catherine Weir AGLIONBY,BASINGHALL ESTATE COMPANY LIMITED,00228497,Active,Director,Active,31 October 2001,
71351,Julia Catherine Weir AGLIONBY,FOUNDATION FOR COMMON LAND,08113120,Active,Director,Resigned,20 June 2012,3 March 2014
71351,Julia Catherine Weir AGLIONBY,CUMBRIA RURAL ENTERPRISE AGENCY LIMITED,02200347,Dissolved,Director,Resigned,17 September 2004,16 March 2012
71351,Julia Catherine Weir AGLIONBY,TRUST FOR SUSTAINABLE LIVING,04020388,Active,Director,Resigned,19 March 2007,15 December 2009
71361,Fraser David Scott CARRUTHERS,HURLINGHAM GROUP LIMITED,12251261,Active,Director,Active,9 October 2019,
71361,Fraser David Scott CARRUTHERS,RUCCA LTD,11916861,Active,Director,Active,30 March 2019,
71361,Fraser David Scott CARRUTHERS,R TOWNHOUSE LTD,10984494,Active,Director,Active,19 September 2018,
71361,Fraser David Scott CARRUTHERS,KR KENSINGTON LIMITED,11426538,Active,Director,Active,21 June 2018,
71361,Fraser David Scott CARRUTHERS,FRASER CARRUTHERS LIMITED,10805276,Active,Director,Active,6 June 2017,
71361,Fraser David Scott CARRUTHERS,ONSLOW HOLDINGS LLP,OC417650,Active,LLP Designated Member,Active,6 June 2017,
71361,Fraser David Scott CARRUTHERS,ALRIS PROPERTY LIMITED,10472094,Active,Director,Active,10 November 2016,
71361,Fraser David Scott CARRUTHERS,ALBERT'S CLUB LIMITED,10228073,Dissolved,Director,,28 July 2016,
71364,Tabitha Alice JOY,PIPISTRELLE PRESS CIC,12016645,Active,Director,Active,24 May 2019,
71370,Georgine Denyse Scott Hunter THORBURN,SPECIAL-EYES TRAVEL LIMITED,04437376,Active,Director,Active,13 May 2002,
71370,Georgine Denyse Scott Hunter THORBURN,DOCUMENT SOS LIMITED,03350479,Active,Director,Active,10 April 1997,
71379,Stuart HALE,YORKSHIRE COUNTY MOTORCYCLES LIMITED,07328850,Active,Director,Active,28 July 2010,
71391,Bethan WINTER,ADREF LTD,02459797,Active,Director,Resigned,7 October 2002,21 March 2013
71399,Ann Jackson GILBERT,THE TERRACE COMMUNITY ENTERPRISE CENTRE,03135640,Dissolved,Director,Resigned,24 September 2007,31 March 2013
71399,Ann Jackson GILBERT,DONCASTER WEST DEVELOPMENT TRUST,02824404,Active,Director,Resigned,25 September 2008,31 March 2013
71399,Ann Jackson GILBERT,BAFYSPIR LIMITED,03030641,Dissolved,Director,Resigned,18 November 1999,22 November 2001
71400,Paul Alan WHITEHURST,US MOTORS LIMITED,06394855,Active,Director,Active,10 October 2007,
71400,Paul Alan WHITEHURST,WARRIOR MOTORS LIMITED,05309154,Active,Director,Active,21 June 2007,
71400,Paul Alan WHITEHURST,US MILITARY SALES LIMITED,04349860,Active,Director,Active,1 October 2006,
71402,Surjit Singh DUHRE,CORPORATE LETS WORLDWIDE LTD,11368992,Dissolved,Director,,17 May 2018,
71409,Amanda Kathryn BURGAUER,SCOTTISH RURAL ACTION,SC461352,Active,Director,Active,6 March 2015,
71409,Amanda Kathryn BURGAUER,WISTON LODGE,SC315652,Active,Director,Active,19 December 2013,
71409,Amanda Kathryn BURGAUER,B4GAL COMMUNITY BROADBAND LTD,SC461457,Dissolved,Director,,14 October 2013,
71409,Amanda Kathryn BURGAUER,ARENA PEAK LTD,SC407283,Active,Director,Active,12 September 2011,
71409,Amanda Kathryn BURGAUER,S B REALISATIONS 2002 LIMITED,SC207774,Liquidation,Director,,29 June 2000,
71409,Amanda Kathryn BURGAUER,VOLUNTARY ACTION SOUTH LANARKSHIRE,SC309701,Active,Director,Resigned,4 December 2013,23 September 2015
71417,David BUXTON,RIVERHOUSE FILMS LIMITED,06768581,Dissolved,Director,,1 May 2014,
71417,David BUXTON,RIVERHOUSE FILMS LIMITED,06768581,Dissolved,Director,Resigned,24 January 2014,14 March 2014
71421,Miles Grafton BERKLEY,EASTBOURNE ECO ACTION NETWORK C.I.C.,12203664,Active,Director,Active,12 September 2019,
71421,Miles Grafton BERKLEY,TECHRESORT COMMUNITY INTEREST COMPANY,08526107,Active,Director,Active,28 July 2019,
71421,Miles Grafton BERKLEY,BEETROOT DESIGN LIMITED,07978631,Dissolved,Director,,6 March 2012,
71421,Miles Grafton BERKLEY,SHW STRATEGY LTD,09771041,Dissolved,Director,Resigned,10 September 2015,28 November 2017
71425,Jill Mary REILLY,LINKNET MENTORING LIMITED,SC213148,Active,Director,Resigned,2 December 2016,30 August 2018
71436,Sean Andrew KEHOE,THE EMPLOYER LIMITED,06613924,Dissolved,Secretary,,6 June 2008,
71436,Sean Andrew KEHOE,THE EMPLOYER LIMITED,06613924,Dissolved,Director,,6 June 2008,
71436,Sean Andrew KEHOE,ADVANCE LEGAL LIMITED,03829701,Dissolved,Director,,23 August 1999,
71436,Sean Andrew KEHOE,ADVANCE LEGAL LIMITED,03829701,Dissolved,Secretary,,23 August 1999,
71439,Monica HARDING,MGILLETT CONSULTING LIMITED,08929308,Active,Director,Active,7 March 2014,
71442,Hannah TEMPLE,ABBEY PHYSIC COMMUNITY GARDEN,06015188,Active,Director,Active,8 June 2018,
71445,Sam Charles NORTON,THE VINEY HILL CHRISTIAN ADVENTURE CENTRE,04967427,Active,Director,Active,21 November 2018,
71446,Graham Mark STOTT,ST.ANNES PALACE LIMITED,00577363,Active,Director,Resigned,22 November 2007,26 October 2015
71446,Graham Mark STOTT,PRAED DEVELOPMENTS LIMITED,03905453,Dissolved,Secretary,Resigned,19 May 2000,6 February 2001
71447,Steven John MAXSON,CONSEQUI LIMITED,09709410,Active,Director,Active,29 July 2015,
71447,Steven John MAXSON,GRIMSBY CENTRAL HALL TRUST,05271624,Active,Director,Active,9 January 2015,
71454,Frances BOAIT,TREDWORTH INFANT AND NURSERY ACADEMY,08895977,Active,Director,Active,25 March 2019,
71458,Francesca Dominique Angela O'BRIEN,ALEX LEWIS (LLANDEWI GARAGE) LTD,11922746,Active,Director,Active,3 April 2019,
71459,David BURLING,GRANTHAM COMMUNITY HERITAGE ASSOCIATION LIMITED,07743618,Active,Director,Active,1 June 2016,
71460,Jessica Jane SWIFT,HJ UK HOLDINGS LTD,10424267,Active,Director,Active,12 October 2016,
71460,Jessica Jane SWIFT,SHR MEDISPA LTD,09154889,Dissolved,Director,,31 July 2014,
71460,Jessica Jane SWIFT,EXEC SOFTWARE LTD,08929813,Active,Director,Active,10 March 2014,
71460,Jessica Jane SWIFT,HUFFEY GROUP LTD,07111865,Active,Director,Resigned,18 March 2014,11 September 2019
71460,Jessica Jane SWIFT,FRUEHAUF LTD,07176536,Active,Director,Resigned,18 March 2014,11 September 2019
71460,Jessica Jane SWIFT,UNIROLL (UK) LIMITED,09175754,Active,Director,Resigned,14 August 2014,26 April 2016
71460,Jessica Jane SWIFT,FRUEHAUF RIGIDS LIMITED,08644883,Active,Director,Resigned,17 September 2015,17 September 2015
71460,Jessica Jane SWIFT,LION HOUSE PORTFOLIO LTD,05074818,Liquidation,Director,Resigned,18 March 2014,1 October 2014
71460,Jessica Jane SWIFT,4TH FLOOR MANAGEMENT LLP,OC384482,Dissolved,LLP Designated Member,Resigned,1 September 2014,1 September 2014
71470,Matthew Peter Edward SANDERS,STUDIO SANDERS LIMITED,08678206,Dissolved,Director,,5 September 2013,
71474,Dominic Mark Wistow MANNING,MANNING DUFFIE ARCHITECTURE LTD,06223627,Active,Secretary,Active,23 April 2007,
71474,Dominic Mark Wistow MANNING,MANNING DUFFIE ARCHITECTURE LTD,06223627,Active,Director,Active,23 April 2007,
71474,Dominic Mark Wistow MANNING,THE GALE & DUNN PARTNERSHIP LTD.,03710512,Active,Director,Resigned,1 June 2002,25 May 2007
71478,Afshin PAYRAVI,VISION CLAIMS LIMITED,08229764,Dissolved,Director,,26 September 2012,
71478,Afshin PAYRAVI,CREST CONSTRUCTION & INTERIORS LIMITED,05995763,Active,Director,Active,13 November 2006,
71478,Afshin PAYRAVI,ADROIT BUILDING SOLUTIONS LIMITED,05717450,Active,Secretary,Resigned,22 February 2006,3 September 2006
71478,Afshin PAYRAVI,ADROIT BUILDING SOLUTIONS LIMITED,05717450,Active,Director,Resigned,22 February 2006,3 September 2006
71481,Christine Lynn LUCAS,NGL CONSULTANCY LIMITED,03571664,Active,Secretary,Active,28 May 1998,
71494,Munish SHARMA,ENVIRONTREE LTD,12043994,Active,Director,Active,11 June 2019,
71500,Julie ALEXANDER-COOPER,THE WEIGHT DOCTOR LTD,07041233,Dissolved,Director,,14 October 2009,
71500,Julie ALEXANDER-COOPER,PHYSICAL DYNAMICS LIMITED,06314689,Active,Director,Active,17 July 2007,
71500,Julie ALEXANDER-COOPER,SMP SURFACING SOLUTIONS LIMITED,05635366,Active,Secretary,Active,24 November 2005,
71500,Julie ALEXANDER-COOPER,THE GOOD GRIEF TRUST,10292933,Active,Director,Resigned,27 February 2017,17 August 2017
71506,Leanne Michelle MURRAY,GRANNY'S CHINA LTD,08756034,Dissolved,Director,,31 October 2013,
71506,Leanne Michelle MURRAY,OLWIS SECURE LIMITED,04967493,Dissolved,Director,,18 November 2003,
71506,Leanne Michelle MURRAY,OLWIS SECURE LIMITED,04967493,Dissolved,Secretary,Resigned,18 November 2003,24 September 2007
71515,Adam James JUNIPER,TAMESKY LTD,09725543,Active,Director,Active,10 August 2015,
71525,Emily Claire Elizabeth TOMALIN,FURZE PLATT SENIOR SCHOOL,07834715,Active,Director,Active,7 October 2019,
71525,Emily Claire Elizabeth TOMALIN,THE PUSHPANJALI FOUNDATION,07829756,Dissolved,Director,Resigned,31 October 2011,1 October 2014
71525,Emily Claire Elizabeth TOMALIN,PLAS EINION MANAGEMENT COMPANY LIMITED,03358611,Active,Director,Resigned,23 September 1997,27 August 1998
71526,Colin Leslie BALDY,COLIN BALDY LIMITED,05075977,Active,Secretary,Active,1 October 2008,
71526,Colin Leslie BALDY,COLIN BALDY LIMITED,05075977,Active,Director,Active,1 October 2008,
71527,Janet DINE,FUTURES FOR WOMEN,00013103,Active,Director,Resigned,26 October 2005,8 June 2016
71538,Catherine Jean ROSE,CATHERINE ROSE'S OFFICE LIMITED,05945599,Active,Director,Active,25 September 2006,
71538,Catherine Jean ROSE,OYAP TRUST,05479550,Active,Director,Resigned,12 June 2006,8 October 2007
71551,Richard MANLEY,MANLEY (UK) LIMITED,08287524,Dissolved,Director,,9 November 2012,
71559,Hilary GALLO,CONSENSUM LIMITED,07579809,Active,Director,Active,28 March 2011,
71564,Richard Stephen WHELAN,PLASTECH WEATHERSEALS LIMITED,06702200,Active,Director,Active,8 March 2018,
71568,Bonnie JACKSON,FLOWERS R US LTD,10348776,Dissolved,Director,Resigned,27 August 2016,16 February 2019
71577,Samuel Raymond HIBBS,LITTLE LEARNERS AT RUSU LTD,03723877,Active,Director,Resigned,2 August 2005,31 July 2007
71581,Stuart POWELL,CHANGE FOR EXCELLENCE LIMITED,SC333686,Active,Director,Active,9 November 2007,
71583,Peter AGAMBAR,GX SOFTWARE CONSULTANCY LTD,10133113,Liquidation,Director,,19 April 2016,
71583,Peter AGAMBAR,PASIO ENTERPRISE LTD,09059372,Dissolved,Director,,28 May 2014,
71583,Peter AGAMBAR,JANNER SOFT LIMITED,07563572,Liquidation,Director,,14 March 2011,
71588,Qiaoyu CUI,"HEBEI YULIANG WIRE MESH CO., LTD",08829244,Dissolved,Director,,2 January 2014,
71601,Malcolm MCLEOD,NAGITEC LTD,09124767,Dissolved,Director,,10 July 2014,
71606,Timothy Roy DURHAM,RIVER PINN LIMITED,06918014,Active,Director,Active,7 October 2013,
71606,Timothy Roy DURHAM,TCONSULT LTD,04763044,Active,Director,Resigned,13 May 2003,27 July 2004
71606,Timothy Roy DURHAM,TCONSULT LTD,04763044,Active,Secretary,Resigned,13 May 2003,27 July 2004
71607,Lorna Marie ROWLAND,THE SPORTS INJURY & WELLNESS CENTRES LIMITED,05253575,Active,Director,Active,8 October 2004,
71610,Malcolm RIDER-FEATHERSTONE,COGNISANCE SOLUTIONS LIMITED,04451735,Active,Director,Active,1 September 2018,
71624,Russell Matthew GILL,PROJECT MONKEYBOY LTD,12066286,Active,Director,Active,24 June 2019,
71624,Russell Matthew GILL,TROLL OUTDOORS LTD,07553624,Active,Director,Active,3 May 2011,
71628,Simon Peter MCKIE,MCKIE & CO (ADVISORY SERVICES) LLP,OC300925,Active,LLP Designated Member,Active,5 November 2001,
71628,Simon Peter MCKIE,MCKIE & CO LIMITED,04070840,Dissolved,Secretary,,13 September 2000,
71628,Simon Peter MCKIE,MCKIE & CO LIMITED,04070840,Dissolved,Director,,13 September 2000,
71628,Simon Peter MCKIE,RATHBONE BROTHERS PUBLIC LIMITED COMPANY,01000403,Active,Director,Resigned,22 June 1991,30 September 1993
71628,Simon Peter MCKIE,RATHBONE TRUST COMPANY LIMITED,01688454,Active,Director,Resigned,21 June 1991,30 September 1993
71646,Rebecca Joanne GORDON-NESBITT,FOREGROUND RESEARCH LTD,12113616,Active,Director,Active,19 July 2019,
71647,Rebecca WING,KENT FILM FOUNDATION LIMITED,07274484,Active,Director,Resigned,1 April 2015,1 December 2018
71648,Timothy James VINCE,CHRISTIAN EDUCATION EUROPE LIMITED,03078881,Active,Director,Active,28 July 2015,
71648,Timothy James VINCE,INTERNATIONAL CERTIFICATE OF CHRISTIAN EDUCATION LIMITED,07034807,Active,Director,Active,18 June 2015,
71648,Timothy James VINCE,HARVEST VISION LIMITED,02286386,Active,Director,Active,12 August 2014,
71648,Timothy James VINCE,HIGH END NEW MEDIA LIMITED,08058299,Dissolved,Director,,4 May 2012,
71648,Timothy James VINCE,LAND & LIFE LIMITED,04933315,Active,Director,Active,20 October 2003,
71648,Timothy James VINCE,ST. DAVIDS COLLEGE TRUST,01351369,Active,Director,Resigned,5 December 1991,27 November 2018
71648,Timothy James VINCE,BALFOUR100 LTD,SC474438,Dissolved,Director,Resigned,4 April 2014,3 February 2017
71648,Timothy James VINCE,LAND & LIFE LIMITED,04933315,Active,Secretary,Resigned,20 October 2003,30 September 2008
71648,Timothy James VINCE,ISRAEL AND CHRISTIANS TODAY LIMITED,03964695,Dissolved,Director,Resigned,5 April 2000,4 June 2003
71648,Timothy James VINCE,ISRAEL AND CHRISTIANS TODAY LIMITED,03964695,Dissolved,Secretary,Resigned,5 April 2000,4 June 2003
71653,Steve WILLIAMS,SWWILLIAMS CONSULTING LTD,07879485,Dissolved,Director,,13 December 2011,
71656,Philip Edward CROOK,MY CARE NURSING AGENCY LIMITED,09435675,Dissolved,Director,,12 February 2015,
71656,Philip Edward CROOK,MARSH SECURITY LIMITED,08471072,Dissolved,Director,,3 April 2013,
71656,Philip Edward CROOK,BEERFESTUK LTD,07700091,Dissolved,Director,,11 July 2011,
71656,Philip Edward CROOK,MARSH ENTERPRISES LIMITED,05734452,Dissolved,Director,,8 March 2006,
71660,Felicity Joan OWEN,GALLEON COURT (CHARLESTOWN) MANAGEMENT COMPANY LIMITED,05692077,Active,Director,Active,24 November 2015,
71660,Felicity Joan OWEN,CORNWALL NEIGHBOURHOODS FOR CHANGE LIMITED,04228103,Active,Director,Resigned,30 July 2019,8 August 2019
71677,Henry LU,HONG KONG POLYU (UNITED KINGDOM) ASSOCIATION,07168258,Active,Director,Active,24 February 2010,
71678,Lourdesiree LATIMER,GALMERS LIMITED,11619261,Active,Director,Active,12 October 2018,
71681,Samantha GOGGIN,THE ALLIANCE MULTI-ACADEMY TRUST,08576427,Active,Director,Active,1 May 2019,
71681,Samantha Elizabeth GOGGIN,THE ALLIANCE MULTI-ACADEMY TRUST,08576427,Active,Director,Resigned,19 June 2013,31 March 2018
71683,Mark Luke HOATH,SUPREME CLEANING SERVICES SUTTON COLDFIELD LIMITED,11629377,Active,Director,Active,18 October 2018,
71690,Peter UDALE,AXIS PARTNERS LIMITED,02859843,Dissolved,Director,,6 October 1993,
71690,Peter UDALE,AXIS PARTNERS LIMITED,02859843,Dissolved,Secretary,Resigned,6 October 1993,1 March 2000
71690,Peter UDALE,AXIS PARTNERS LIMITED,02859843,Dissolved,Director,Resigned,30 November 1994,30 November 1994
71690,Peter Joseph UDALE,WINCHCOMBE TENNIS CLUB,11758169,Active,Director,Active,9 January 2019,
71701,Jennifer Louise FORBES,COMMUNITY HEART (CORNWALL) C.I.C.,11660489,Active,Director,Active,11 September 2019,
71705,Gavin SCOTT,JWS PRINT LIMITED,08188328,Active,Director,Active,1 February 2013,
71705,Gavin SCOTT,LABELSPRINT LIMITED,05201564,Dissolved,Director,,10 August 2004,
71711,Robert Charles BASHFORTH,ANCHOR WAKEFIELD LTD,11613544,Active,Director,Active,9 October 2018,
71711,Robert Charles BASHFORTH,KITE CONSULTANTS LTD,11529217,Active,Director,Active,21 August 2018,
71717,Sally Ann RAINBOW-OCKWELL,5 WAYS TRAINING LIMITED,08215032,Dissolved,Director,,14 September 2012,
71717,Sally Ann RAINBOW-OCKWELL,BUSINESS HELIUM LTD,07712042,Dissolved,Director,,20 July 2011,
71717,Sally Ann RAINBOW-OCKWELL,ASPIRATA LIMITED,05368711,Active,Director,Active,17 February 2005,
71717,Sally Ann RAINBOW-OCKWELL,ASPIRATA LIMITED,05368711,Active,Secretary,Active,17 February 2005,
71717,Sally Ann RAINBOW-OCKWELL,THE GOVERNING COUNCIL OF THE CAT FANCY,07431259,Active,Director,Resigned,1 December 2010,14 June 2017
71727,Christopher Lionel John LODER,BARRINGTON CHURCHFIELD LIMITED,08235648,Active,Director,Active,1 October 2012,
71727,Christopher Lionel John LODER,THE CHARTERED INSTITUTE OF LOGISTICS AND TRANSPORT IN THE UK,02629347,Active,Director,Resigned,20 October 2011,27 March 2013
71729,Rosie DARKIN-MILLER,DARKIN MILLER LIMITED,08590012,Active,Director,Active,28 June 2013,
71752,Claire MILLER,MCEWAN MILLER LIMITED,SC593655,Active,Director,Active,6 April 2018,
71760,Daniel John LIDDICOTT,JDR PRODUCTS LIMITED,01481617,Active,Director,Active,1 June 2016,
71760,Daniel John LIDDICOTT,EMERGENCY FOODS LIMITED,09057114,Active,Director,Active,27 May 2014,
71760,Daniel John LIDDICOTT,SURVIVAL WAREHOUSE LIMITED,08915108,Active,Director,Active,27 February 2014,
